{
  "users": [
    {
      "email": "fjelltopp_admin@fjelltopp.org",
      "about": null,
      "display_name": "Fjelltopp Admin",
      "name": "fjelltopp_admin",
      "password": "fjelltopp",
      "activity_streams_email_notifications": false,
      "state": "active",
      "fullname": "Fjelltopp Admin"
    },
    {
      "email": "fjelltopp_data@fjelltopp.org",
      "about": null,
      "display_name": "Fjelltopp Editor",
      "name": "fjelltopp_editor",
      "password": "fjelltopp",
      "activity_streams_email_notifications": false,
      "state": "active",
      "fullname": "Fjelltopp Editor"
    },
    {
      "email": "fjelltopp_technical@fjelltopp.org",
      "about": null,
      "display_name": "Fjelltopp Member",
      "name": "fjelltopp_member",
      "password": "fjelltopp",
      "activity_streams_email_notifications": false,
      "state": "active",
      "fullname": "Fjelltopp Member"
    },
    {
      "email": "who_afro_admin@test.org",
      "about": null,
      "display_name": "WHO AFRO Administrator",
      "name": "who_afro_admin",
      "password": "fjelltopp",
      "activity_streams_email_notifications": false,
      "state": "active",
      "fullname": "WHO AFRO Admin"
    },
    {
      "email": "who_afro_editor@test.org",
      "about": null,
      "display_name": "WHO AFRO Editor",
      "name": "who_afro_editor",
      "password": "fjelltopp",
      "activity_streams_email_notifications": false,
      "state": "active",
      "fullname": "WHO AFRO Editor"
    },
    {
      "email": "who_afro_member@test.org",
      "about": null,
      "display_name": "WHO AFRO Member",
      "name": "who_afro_member",
      "password": "fjelltopp",
      "activity_streams_email_notifications": false,
      "state": "active",
      "fullname": "WHO AFRO Member"
    },
    {
      "email": "dak_admin@test.org",
      "about": null,
      "display_name": "WHO AFRO DAK Admin",
      "name": "dak_admin",
      "password": "fjelltopp",
      "activity_streams_email_notifications": false,
      "state": "active",
      "fullname": "WHO AFRO DAK Admin"
    },
    {
      "email": "dak_editor@test.org",
      "about": null,
      "display_name": "WHO AFRO DAK Editor",
      "name": "dak_editor",
      "password": "fjelltopp",
      "activity_streams_email_notifications": false,
      "state": "active",
      "fullname": "WHO AFRO DAK Editor"
    },
    {
      "email": "dak_member@test.org",
      "about": null,
      "display_name": "DAK Member",
      "name": "dak_member",
      "password": "fjelltopp",
      "activity_streams_email_notifications": false,
      "state": "active",
      "fullname": "WHO AFRO DAK Member"
    },
    {
      "email": "malaria_admin@test.org",
      "about": null,
      "display_name": "WHO AFRO Malaria Admin",
      "name": "malaria_admin",
      "password": "fjelltopp",
      "activity_streams_email_notifications": false,
      "state": "active",
      "fullname": "WHO AFRO Malaria Admin"
    },
    {
      "email": "ucn_admin@test.org",
      "about": null,
      "display_name": "WHO AFRO UCN Admin",
      "name": "ucn_admin",
      "password": "fjelltopp",
      "activity_streams_email_notifications": false,
      "state": "active",
      "fullname": "WHO AFRO UCN Admin"
    },
    {
      "email": "vpd_admin@test.org",
      "about": null,
      "display_name": "WHO AFRO VPD Admin",
      "name": "vpd_admin",
      "password": "fjelltopp",
      "activity_streams_email_notifications": false,
      "state": "active",
      "fullname": "WHO AFRO VPD Admin"
    },
    {
      "email": "who_cg_admin@test.org",
      "about": null,
      "display_name": "WHO CG Admin",
      "name": "cg_admin",
      "password": "fjelltopp",
      "activity_streams_email_notifications": false,
      "state": "active",
      "fullname": "WHO CG Admin"
    },
    {
      "email": "who_cg_editor@test.org",
      "about": null,
      "display_name": "WHO CG Editor",
      "name": "cg_editor",
      "password": "fjelltopp",
      "activity_streams_email_notifications": false,
      "state": "active",
      "fullname": "WHO CG Editor"
    },
    {
      "email": "who_cg_member@test.org",
      "about": null,
      "display_name": "WHO CG Member",
      "name": "cg_member",
      "password": "fjelltopp",
      "activity_streams_email_notifications": false,
      "state": "active",
      "fullname": "WHO CG Member"
    }
  ]
}
